Tigerpaw Account Number,Account Name,PSA Account Status,Account Executive Version,Last Login Date,Account MRR
233,Symtech Solutions,Active - Tigerpaw One,23.5.2,2026-08-26,636
1468,Watson Communications Corp.,Active - Tigerpaw One,24.1.1,2026-08-25,632
1508,Southeastern Communications Services Inc.,Active - Tigerpaw One,24.1.1,2026-08-26,911.76
1695,MTI Unified Communications,Active - Tigerpaw One,22.1.3,2026-08-25,511.2
1888,ET&T Corporation,Active - Tigerpaw One,23.1.1,2026-08-04,624.78
1951,Indiana Electronics Corp,Active - Tigerpaw One,23.3.3,2026-08-26,1128.6
2570,Euclid Telecom,Active - Tigerpaw One,24.1.1,2026-08-26,474
3038,"Hinson Communications, Inc",Active - Unleashed,24.1.1,2026-08-26,866.7
3560,POPP Communications,Active - Tigerpaw One,23.5.2,2026-08-26,2651.42
3830,"Nightwatch Security & Telephone, LLC",Active - Unleashed,24.1.1,2026-08-26,1605
4086,Affiliated Telephone Inc - Plano,Active - Tigerpaw One,23.4.1,2026-08-26,1219.32
4285,Adtel Solutions,Active - Unleashed,24.1.1,2026-08-25,420
17488,A & G Telephone Service Inc.,Active - Unleashed,24.1.1,2026-08-26,680.1
17544,"Carrier SI, Inc.",Active - Tigerpaw One,23.4.1,2026-08-26,790
19172,World Class Aviation,Active - Tigerpaw One,22.3.5,2026-08-26,390
110014,"Protecom, Inc.",Active - Tigerpaw One,23.4.1,2026-08-26,474
110132,Turner Teleco Inc,Active - Unleashed,24.1.1,2026-08-26,572.45
400112,Teleco Wilmington,Active - Unleashed,24.1.1,2026-08-26,570
400632,Sentenia Systems,Active - Tigerpaw One,24.1.1,2026-08-26,1343
401419,"Advantage Computer Enterprises, Inc.",Active - Unleashed,23.4.1,2026-08-26,2576
401949,Ex-Cel Solutions,Active - Tigerpaw One,23.4.1,2026-08-26,948
403836,"The RHINO Group, Inc.",Active - Tigerpaw One,22.3.5,2026-08-26,2099.56
403860,Teleco Charleston,Active - Unleashed,24.1.1,2026-08-26,880.4
404988,FTI Services,Active - Tigerpaw One,24.1.1,2026-08-25,3224.7
405077,"Compu-Tech, Inc.",Active - Unleashed,24.1.1,2026-08-26,810
405539,Gracon Services,Active - Tigerpaw One,22.3.5,2026-08-26,545.66
406235,Reliable Voice & Data Systems,Active - Tigerpaw One,24.1.1,2026-08-26,359.1
406753,CommWorld Of Kansas City,Active - Tigerpaw One,23.4.1,2026-08-26,553
408458,Executone Systems Co Of LA,Active - Tigerpaw One,24.1.1,2026-08-26,1128.6
410049,Technology Unlimited,Active - Tigerpaw One,22.3.2,2024-12-20,1414.66
412585,Ameritel Northridge,Active - Unleashed,24.1.1,2026-08-26,551.25
412960,Miken Technologies,Active - Tigerpaw One,24.1.1,2026-08-26,1587.6
414758,E Tech Communications Inc.,Active - Tigerpaw One,22.1.3,2026-08-24,474
415254,Convergent Solutions,Active - Unleashed,24.1.1,2026-08-26,810.39
415368,"Digicorp, LLC",Active - Tigerpaw One,22.3.2,2026-08-20,500
415527,Communication Network Corp,Active - Unleashed,24.1.1,2026-08-26,1607.52
415528,Communication Resources,Active - Tigerpaw One,24.1.1,2026-08-26,2060.58
416367,Thomas Electronics Inc,Active - Tigerpaw One,23.5.2,2026-08-26,1128.6
416864,Triware Technologies Incorporated,Active - Tigerpaw One,24.1.1,2026-08-26,3017.66
417153,Delaware Business Systems,Active - Tigerpaw One,22.3.5,2026-08-26,446.25
417195,Technical Solutions,Active - Tigerpaw One,23.3.3,2026-08-26,1389.2
417310,Transcom Telecommunications,Active - Unleashed,24.1.1,2026-08-25,745.36
417819,Hi-Tech Enterprises Inc,Active - Tigerpaw One,23.4.1,2026-08-12,661.5
418681,Communications Unlimited,Active - Unleashed,24.1.1,2026-08-26,806.03
421336,Velosity Electronics,Active - Tigerpaw One,23.1.1,2026-08-25,1102.24
422692,"Ormsbys Computer Store, Inc.",Active - Tigerpaw One,24.1.1,2026-08-26,553
423368,BTI Communications Group,Active - Tigerpaw One,23.4.1,2026-08-26,1896.18
423417,North Atlantic Communications,Active - Tigerpaw One,23.4.1,2026-08-26,497.7
423442,IntegraServ,Active - Tigerpaw One,23.3.3,2026-08-26,1429.56
423618,Pathcom Inc.,Active - Unleashed,24.1.1,2026-08-26,1084.9
423619,Telstar Networks,Active - Unleashed,24.1.1,2026-08-25,652.62
424443,Golden West Technologies,Active - Tigerpaw One,22.3.2,2026-08-25,200
424605,CTS Services Inc.,Active - Tigerpaw One,23.4.1,2026-08-26,1741.95
426581,"T. Daniels Consulting, Inc.",Active - Tigerpaw One,24.1.1,2026-08-26,735.26
426868,The Computer Store,Active - Tigerpaw One,23.1.1,2026-08-26,1361.54
430427,A-Z Printers Plus Inc.,Active - Unleashed,24.1.1,2026-08-24,1093.4
430598,TDArx,Active - Unleashed,24.1.1,2026-08-24,694.62
430822,DTEL Telecommunications Inc,Active - Unleashed,23.5.2,2026-08-26,914.64
431232,Comtech Business Systems Inc,Active - Unleashed,24.1.1,2026-04-13,680.08
431441,Merchant Data Solutions,Active - Tigerpaw One,22.1.3,2026-08-14,497.7
431589,Zadar Technology,Active - Tigerpaw One,22.3.2,2026-08-26,395
431649,Delta Telephone & Cabling,Active - Tigerpaw One,23.5.2,2026-08-25,553
431654,The Crowley Company,Active - Unleashed,24.1.1,2026-08-26,1727.2
431803,Telewire Inc.,Active - Unleashed,24.1.1,2026-08-26,729.74
432290,Datapro Solutions,Active - Tigerpaw One,23.4.1,2026-08-26,821.79
432577,IMC Facility Management,Active - Unleashed,24.1.1,2026-08-26,2014.74
433059,"Unitel, Inc",Active - Tigerpaw One,22.3.2,2026-08-26,869
433083,"Southern Computer Systems, Inc dba Cyber Technology Secuirty",Active - Unleashed,24.1.1,2025-11-26,1412.4
433244,"Genie Innovations, Inc. dba IP Genie",Active - Unleashed,24.1.1,2026-07-30,652.62
433550,Midwest Telecom Communications,Active - Tigerpaw One,22.3.2,2026-08-24,632
433635,Romeo Computer Company Inc.,Active - Tigerpaw One,24.1.1,2026-08-26,1433.2
441663,Interstate Business Systems,Active - Tigerpaw One,23.3.3,2026-08-26,644.9
443257,"Micro Tech Systems, Inc.",Active - Tigerpaw One,24.1.1,2026-08-25,474
444105,"Nutec Systems, Inc",Active - Unleashed,24.1.1,2026-08-26,686.94
445527,"RCO Systems, Inc",Active - Tigerpaw One,24.1.1,2026-08-25,32
446805,TCW Computer Systems,Active - Tigerpaw One,22.1.3,2026-08-26,714
446860,Technical Computer Solutions,Active - Tigerpaw One,23.1.1,2026-08-25,382.92
447989,"X-Tech Services, Inc",Active - Tigerpaw One,24.1.1,2026-08-25,474
448169,Advanced Lighting & Sound,Active - Tigerpaw One,24.1.1,2026-08-26,1128.6
458172,Commworld Metro,Active - Unleashed,24.1.1,2026-08-25,572.45
458224,"Phones Plus.biz, Inc.",Active - Tigerpaw One,23.4.1,2026-08-24,446.52
461781,"CityBlue Technologies, LLC",Active - Tigerpaw One,23.4.1,2026-08-25,500
468080,Integrated Systems,Active - Unleashed,24.1.1,2026-08-26,1810.16
475960,"Techoptics, Inc",Active - Tigerpaw One,22.1.3,2026-08-26,837.92
477635,Advanced Hospitality Systems,Active - Tigerpaw One,23.5.2,2026-08-26,2054
477692,"Environmental & Safety Support Group, LLC",Active - Unleashed,24.1.1,2026-08-26,561.75
479968,Brothers Lazer Svc,Active - Unleashed,24.1.1,2026-08-26,899.92
485245,Enhanced Telecommunications & Data Inc.,Active - Unleashed,24.1.1,2026-08-26,706.2
486691,"Ruder Electric, Inc.",Active - Unleashed,24.1.1,2026-08-26,1133.88
487112,Total Technology Management,Active - Tigerpaw One,23.1.1,2026-08-26,409.52
487429,PC Netsource,Active - Tigerpaw One,24.1.1,2026-08-25,545.66
490774,Avante Technologies,Active - Tigerpaw One,23.3.3,2026-08-26,474
490831,ACCENT Communications Services,Active - Tigerpaw One,23.4.1,2026-08-26,2054
490836,Shotrok LLC,Active - Tigerpaw One,24.1.1,2026-08-24,474
490991,"Advanced Global Communications, Inc.",Active - Tigerpaw One,22.3.2,2026-08-24,409.52
491170,All-Mode Communications Inc,Active - Unleashed,24.1.1,2026-08-26,1740.32
491181,Communications Technologies,Active - Tigerpaw One,24.1.1,2026-08-26,1111.36
491323,American Business Phones,Active - Tigerpaw One,24.1.1,2026-08-26,902.88
491550,ARTCOM Assoc Inc,Active - Tigerpaw One,23.4.1,2026-08-26,624.66
491830,Barry Communications,Active - Tigerpaw One,23.1.1,2026-08-26,409.5
491873,Beacon Telecom Inc,Active - Tigerpaw One,24.1.1,2026-08-26,1335.66
492006,BestComm Networks,Active - Tigerpaw One,22.3.2,2026-08-25,1082.68
492119,BSB Communications Inc,Active - Tigerpaw One,24.1.1,2026-08-26,425
492178,BCS Voice and Data,Active - Unleashed,24.1.1,2026-08-26,1373.88
492340,Canyon Telecom,Active - Unleashed,24.1.1,2026-08-24,551.25
492768,Central Maine Communications,Active - Tigerpaw One,23.4.1,2026-08-26,535.5
492843,Chesapeake Communications Inc,Active - Unleashed,24.1.1,2026-08-26,543.85
492922,CNR Inc.,Active - Tigerpaw One,23.1.1,2026-08-25,829.5
493496,CREG Systems Corp,Active - Tigerpaw One,23.4.1,2026-08-26,1254.15
493707,Allbridge Communications,Active - Tigerpaw One,23.3.3,2026-08-26,497.7
494001,Eastern American Data / Voice Inc.,Active - Tigerpaw One,24.1.1,2026-08-26,1370.01
494075,Electronic Specialties Inc.,Active - Tigerpaw One,22.1.3,2026-08-26,474
494105,Emi Business Communications,Active - Tigerpaw One,23.3.3,2026-08-26,474
494401,Firstline Communications,Active - Tigerpaw One,22.3.2,2026-08-26,1881
494402,Fisher Systems Inc.,Active - Tigerpaw One,24.1.1,2026-08-26,1542.02
494619,Glessner Alarm & Communication,Active - Tigerpaw One,24.1.1,2026-08-26,2528
494646,Goldfield Telecom LC,Active - Tigerpaw One,24.1.1,2026-08-26,1185
494687,Gregg Communications Systems,Active - Tigerpaw One,23.4.1,2026-08-26,1106
494688,Grennan Communications,Active - Tigerpaw One,24.1.1,2026-08-26,820
495149,Illinois Business Communications Inc,Active - Tigerpaw One,23.4.1,2026-08-24,474
495406,"FITT Telecommunications, Inc",Active - Unleashed,24.1.1,2026-08-25,707.82
495507,JCT (Johnston Communications Voice & Data),Active - Unleashed,24.1.1,2026-08-26,9883.44
495559,"Sky Communications, Inc. ",Active - Unleashed,23.4.1,2026-08-26,686.94
495635,"1st Business Solutions, Inc.",Active - Tigerpaw One,23.4.1,2026-08-26,474
495882,M D Communications,Active - Tigerpaw One,23.4.1,2026-08-25,632
495900,Five Star Telecom Inc,Active - Unleashed,24.1.1,2026-08-26,1041.93
496066,"Metropolitan Telephone Co., Inc.",Active - Tigerpaw One,23.4.1,2026-08-26,935
496168,Minnesota Telephone Inc,Active - Tigerpaw One,22.3.2,2026-08-26,474
496504,Norcomm Communication Svc Inc,Active - Tigerpaw One,24.1.1,2026-08-23,454.75
496999,PhoneAmerica Corp,Active - Tigerpaw One,22.3.2,2026-08-24,474
497014,Mountain Telecom,Active - Tigerpaw One,23.3.3,2026-08-24,250
497396,Prowire,Active - Unleashed,24.1.1,2026-08-26,656.4
497596,Raytec Systems,Active - Unleashed,24.1.1,2026-08-26,810.39
497632,Rel Comm Inc,Active - Unleashed,24.1.1,2026-08-26,2295
497894,BlueWire Communications,Active - Unleashed,24.1.1,2026-08-26,1160.54
498326,Citi-Telecom Voice & Data Inc,Active - Unleashed,24.1.1,2026-08-26,343.47
498396,Optivor Technologies - Florida,Active - Tigerpaw One,23.5.2,2026-08-26,3663.75
498483,"Tate Communications, LLC",Active - Unleashed,24.1.1,2026-08-26,588.5
498700,"Centerpoint IT, Inc",Active - Unleashed,24.1.1,2026-08-26,3091.2
498958,Precom,Active - Tigerpaw One,24.1.1,2026-08-26,474
499036,Telephone Support Systems Inc,Active - Unleashed,24.1.1,2026-08-25,551.25
499046,Technology System Consultants,Active - Tigerpaw One,24.1.1,2026-08-26,437.58
499361,Tri-Tec Communications Inc,Active - Unleashed,24.1.1,2026-08-26,1957.76
499362,Tri-Tel Technical Svc,Active - Tigerpaw One,23.1.1,2026-08-21,474
499498,Unique Communications Inc,Active - Tigerpaw One,23.4.1,2026-08-26,506.58
499511,"United Security Communications, Inc.",Active - Tigerpaw One,23.3.3,2026-08-26,661.5
499539,United Systems Inc,Active - Unleashed,24.1.1,2026-08-26,1227.65
500026,World Radio Telecommunications,Active - Tigerpaw One,24.1.1,2026-08-26,790
500029,Worldcom Exchange Inc,Active - Tigerpaw One,24.1.1,2026-08-26,7922.45
500163,"Young Scale Co., LLC",Active - Tigerpaw One,23.3.3,2026-08-25,902.88
500274,Select Telecom Inc.,Active - Tigerpaw One,23.4.1,2026-08-26,395
502532,Baystate Office Solutions,Active - Tigerpaw One,23.1.1,2026-08-26,474
508484,OSI Technology,Active - Tigerpaw One,22.3.2,2026-06-23,409.5
650148,BEK Business Solutions,Active - Tigerpaw One,23.3.3,2026-08-26,2054
650301,McCormack-Missouri,Active - Tigerpaw One,24.1.1,2026-08-26,474
650447,Laketec Communications,Active - Tigerpaw One,23.5.2,2026-08-26,3472.86
650537,New England Communications,Active - Unleashed,24.1.1,2026-08-26,1690.6
650600,PremCom Corporation,Active - Tigerpaw One,23.4.1,2026-08-26,2910.88
650690,Realm Connect Solutions ,Active - Tigerpaw One,23.4.1,2026-08-24,200
650740,Telecom Unlimited,Active - Unleashed,24.1.1,2026-08-26,676.91
650817,United Telecom,Active - Tigerpaw One,,2026-08-26,500
999054,Huntel Communications,Active - Unleashed,24.1.1,2026-08-25,770.4
999647,KCG Communications,Active - Tigerpaw One,24.1.1,2026-08-26,711
999767,Corbell Telephone & Electronic (CTE),Active - Tigerpaw One,22.3.5,2026-08-25,497.7
999815,MicroAge Lethbridge,Active - Tigerpaw One,24.1.1,2026-08-25,474
1001437,DVX Inc _Data Voice Exchange,Active - Tigerpaw One,23.1.1,2026-08-21,474
1004156,DCR-Nashville,Active - Tigerpaw One,23.3.3,2026-08-26,4113.54
1005876,Motorola Solutions Inc - Orlando,Active - Tigerpaw One,23.4.1,2026-08-26,3112.2
1005877,MicroAge Hanover ,Active - Tigerpaw One,22.1.3,2026-08-26,632
1008013,IVS Silo Services,Active - Tigerpaw One,22.3.5,2026-08-25,474
1008048,"Masergy Cloud Communications, Inc.",Active - Tigerpaw One,24.1.1,2026-08-26,3920.8
1010235,Digitel Systems Inc.,Active - Unleashed,24.1.1,2026-08-26,1102.5
1010243,BusinessWare,Active - Tigerpaw One,24.1.1,2026-08-25,474
1010271,"InTouch Communications, Inc.",Active - Tigerpaw One,23.3.3,2026-08-26,429.96
1010371,CRC Communications Limited,Active - Tigerpaw One,23.4.1,2026-08-26,1326.85
1010429,Vidtek Associates,Active - Tigerpaw One,23.4.1,2026-08-21,497.7
1010432,COMTEL,Active - Tigerpaw One,22.1.3,2026-02-18,409.52
1010440,Clear Connection,Active - Tigerpaw One,24.1.1,2026-08-26,3250.38
1010454,New Haven Cash Register,Active - Tigerpaw One,23.4.1,2026-08-19,553
1010476,Complete Communications Inc.,Active - Unleashed,22.3.2,2026-08-26,930.9
1010487,Telephone Connections Inc,Active - Unleashed,24.1.1,2026-08-26,652.62
1010538,Anderson Pump Service,Active - Unleashed,24.1.1,2026-08-26,1433.44
1010548,Heritage Communications Inc,Active - Tigerpaw One,24.1.1,2026-08-26,474
1010672,Empire Communications,Active - Tigerpaw One,24.1.1,2026-08-26,721
1010738,ABSI Telecom,Active - Tigerpaw One,23.3.3,2026-07-21,432.6
1010760,TRG Networking,Active - Tigerpaw One,24.1.1,2026-08-26,632
1010773,Telcom Innovations Group,Active - Unleashed,24.1.1,2026-08-21,1620.78
1010824,High Tech Communications Inc.,Active - Tigerpaw One,24.1.1,2026-08-26,1190.7
1010985,Edge One LLC,Active - Tigerpaw One,23.1.1,2026-08-26,449.13
1011019,PCM Networking,Active - Tigerpaw One,23.4.1,2026-08-24,948
1011069,Advanced Concepts,Active - Tigerpaw One,23.4.1,2026-08-26,553
1011073,So Cal Light,Active - Unleashed,24.1.1,2026-08-26,729.3
1011118,Electronic Specialty Company,Active - Tigerpaw One,24.1.1,2026-08-26,2088.54
1011155,CTI (Concate Technologies),Active - Tigerpaw One,24.1.1,2026-06-17,577.32
1011206,Ring Street,Active - Unleashed,23.3.3,2026-08-24,572.45
1011210,Falcon Communications Solution,Active - Unleashed,24.1.1,2026-08-20,656.4
1011217,"U.S. Communications Group, Inc.",Active - Tigerpaw One,23.4.1,2026-08-19,474
1011238,FleetBoss,Active - Tigerpaw One,23.4.1,2026-08-26,474
1011247,Telbon Communications Inc.,Active - Tigerpaw One,24.1.1,2026-08-25,474
1011264,Telelink Communications,Active - Unleashed,24.1.1,2026-08-26,503.76
1011320,L & S Truck Service,Active - Unleashed,24.1.1,2026-08-26,543.85
1011499,Favorite Office Automation,Active - Tigerpaw One,22.3.5,2026-08-26,539
1011562,TRM Inc,Active - Unleashed,24.1.1,2026-08-26,1220
1011629,Waccamaw Telcommunications Systems Inc,Active - Tigerpaw One,24.1.1,2026-08-26,3575.14
1011633,One Source Communications,Active - Tigerpaw One,24.1.1,2026-08-26,553
1011822,Advanced Telecom Inc,Active - Tigerpaw One,23.1.1,2026-08-26,474
1011860,Telephone Communications Inc,Active - Tigerpaw One,24.1.1,2026-08-26,1279.08
1012230,Mercury Systems Corporation,Active - Tigerpaw One,23.5.2,2026-08-26,497.7
1012448,Mid-Cities Data Comm Inc.,Active - Unleashed,24.1.1,2025-05-28,1036.38
1012500,James Teleco,Active - Tigerpaw One,23.4.1,2026-08-26,474
1012684,Soundtel Inc.,Active - Tigerpaw One,23.3.3,2026-08-25,315
1012725,"Independent Phone Services, Inc.",Active - Tigerpaw One,22.3.2,2026-08-25,474
1012754,Tele-Plus Corporation,Active - Tigerpaw One,24.1.1,2026-08-26,4333.29
1012839,Omidi Enterprises,Active - Unleashed,17.3.3,,770
1012863,North American Telecommunications Group,Active - Tigerpaw One,24.1.1,2026-08-26,1978.65
1012866,Southeastern TeleCommunications,Active - Unleashed,24.1.1,2026-08-26,1254.76
1013121,Bri-Tech Inc.,Active - Tigerpaw One,24.1.1,2026-08-26,1318.72
1013423,Professional Communication Solutions,Active - Tigerpaw One,23.5.2,2026-08-26,711
1013570,A & A Telecom Group Inc.,Active - Unleashed,23.1.1,2026-08-26,758.88
1013661,Progressive Communication,Active - Tigerpaw One,23.4.1,2026-08-24,474
1013715,TAG National,Active - Tigerpaw One,19.5.4,2024-02-14,
1013752,E-Z Tel Inc.,Active - Unleashed,23.4.1,2026-08-24,755.64
1016736,"WSB Computer Services, Inc.",Active - Unleashed,24.1.1,2026-08-26,1984.5
1017225,"Eagle Networks, Inc.",Active - Tigerpaw One,23.4.1,2026-08-14,474
1017878,Dolbey Jamison Optical,Active - Tigerpaw One,23.4.1,2026-08-26,376.2
1020031,Banner Security Systems Inc,Active - Tigerpaw One,22.3.2,2026-08-25,522.6
1020136,"Kellan Systems, Inc.",Active - Tigerpaw One,24.1.1,2026-08-26,553
1020377,Quality Alarm Systems,Active - Tigerpaw One,22.3.5,2026-08-26,678.75
1022806,Protex Central Inc,Active - Tigerpaw One,24.1.1,2026-08-26,4664.63
1023735,Valley Lock & Security,Active - Tigerpaw One,24.1.1,2026-08-26,591.04
1025356,Intec - CA,Active - Tigerpaw One,22.3.5,2026-08-25,540
1032295,Home Automation Hawaii,Active - Tigerpaw One,24.1.1,2026-08-25,437.58
1032333,"QCC, Inc",Active - Tigerpaw One,23.3.3,2026-08-26,1170.32
1032362,DEP Technologies,Active - Unleashed,23.4.1,2026-08-26,629.7
1032574,Integrated POS,Active - Unleashed,24.1.1,2026-08-26,720
1032626,Integrated Communications,Active - Unleashed,24.1.1,2026-08-26,770.4
1032753,Votacall Inc.,Active - Tigerpaw One,23.5.2,2026-08-20,937.1
1032805,Communication Innovators Inc,Active - Unleashed,24.1.1,2026-08-26,3926.86
1034971,M&L Technical Systems,Active - Unleashed,24.1.1,2026-08-26,1424.75
1038384,City Tel Communications Inc.,Active - Tigerpaw One,24.1.1,2026-08-26,553
1038520,Hoosier Equipment Brokers Inc.,Active - Unleashed,24.1.1,2026-08-26,535
1038661,New Paris Telephone,Active - Tigerpaw One,22.3.5,2026-08-26,497.7
1038900,"Converged Digital Networks, LLC",Active - Tigerpaw One,22.1.3,2026-08-26,553
1039138,ABIS - American Business Information Systems,Active - Unleashed,24.1.1,2026-08-26,450
1039400,Digital Telecommunications,Active - Tigerpaw One,24.1.1,2026-08-26,2171.72
1039479,Synectic Technologies,Active - Tigerpaw One,22.1.3,2026-08-25,2370
1039865,smplsolutions,Active - Unleashed,24.1.1,2026-08-26,661.5
1039935,Time Business Machines LTD.,Active - Tigerpaw One,24.1.1,2026-08-26,1192.77
1040030,Peerless Network,Active - Unleashed,24.1.1,2026-08-26,642
1040062,Metro Datacom,Active - Tigerpaw One,24.1.1,2026-08-26,357
1040401,Globalscope Communications Crp,Active - Unleashed,24.1.1,2026-08-26,801.43
1040431,Greenbrier Communications,Active - Tigerpaw One,24.1.1,2026-08-26,1580.04
1040474,Commeg Systems Inc,Active - Tigerpaw One,23.5.2,2026-08-26,474
1040482,E & H Integrated Systems,Active - Tigerpaw One,24.1.1,2026-08-26,790
1040498,streamWrite Connect,Active - Unleashed,24.1.1,2026-08-26,642
1040566,City Utilities of Springfield,Active - Tigerpaw One,24.1.1,2026-08-26,358.3
1040770,Positive Technologies Inc,Active - Unleashed,23.5.2,2026-08-26,1206.9
1040799,Telecommunications Designs,Active - Tigerpaw One,24.1.1,2026-08-26,1004.98
1040886,Infotel Systems,Active - Tigerpaw One,24.1.1,2026-08-26,711
1040906,Enterprise Systems Corporation,Active - Unleashed,23.4.1,2023-08-16,694.62
1040951,Southern Communications & Cons,Active - Unleashed,24.1.1,2026-08-26,899.24
1040997,Automated Systems Inc,Active - Unleashed,24.1.1,2026-08-26,1040
1041235,Business Telecom Equipment Inc.,Active - Tigerpaw One,23.3.3,2026-08-19,474
1041328,Pye-Barker Fire & Safety (United Automation),Active - Unleashed,24.1.1,2026-08-17,847.44
1041464,Augusta Communications,Active - Tigerpaw One,24.1.1,2026-08-18,948
1041466,Genesis Computers,Active - Unleashed,23.1.1,2026-08-26,1229.16
1041600,Computer World Inc,Active - Unleashed,24.1.1,2026-08-26,1251.9
1041710,Riello UPS Australia Pty Ltd,Active - Tigerpaw One,24.1.1,2026-08-26,1921.34
1041958,Intermed-Pal,Active - Tigerpaw One,23.4.1,2026-08-26,923.25
1041962,Rosenwach Group,Active - Tigerpaw One,23.5.2,2026-08-26,1323
1042029,POS Hawaii,Active - Tigerpaw One,23.4.1,2026-08-25,474
1042045,"West Coast Cabling, Inc.",Active - Tigerpaw One,23.4.1,2026-08-26,950
1042402,"Uptime Electronics, Inc.",Active - Unleashed,24.1.1,2026-08-26,1373.88
1042529,Harris Computer,Active - Tigerpaw One,23.4.1,2026-07-20,857.88
1042689,Bi-County Scale & Equipment ,Active - Tigerpaw One,23.4.1,2026-08-26,1063.65
1042716,"IntelesysOne, Inc.",Active - Unleashed,23.4.1,2026-08-26,1265.16
1043103,"Vertex Communications, Inc.",Active - Tigerpaw One,24.1.1,2026-08-26,474
1047688,Peerless Energy Systems,Active - Tigerpaw One,23.5.2,2026-08-26,2579.76
1048581,"Pilothouse Communications, LLC",Active - Unleashed,24.1.1,2026-08-26,580.75
1048673,The Phone Experts - Communications Ltd.,Active - Unleashed,24.1.1,2026-08-26,1350.96
1048944,"Strategic Communications, LLC",Active - Tigerpaw One,23.5.2,2026-08-26,7190.15
1049028,"North Carolina Sound of Goldsboro, LLC",Active - Tigerpaw One,23.1.1,2026-08-26,2957.57
1049120,Communication Service Solutions,Active - Unleashed,24.1.1,2026-08-26,642
1049857,Maritime Dock & Door Limited,Active - Tigerpaw One,23.4.1,2026-08-21,474
1049905,ESM Security Systems,Active - Tigerpaw One,23.4.1,2026-08-26,553
1049936,SOLVD Instrument Solutions Inc,Active - Tigerpaw One,24.1.1,2026-08-26,614.24
1050024,Tidal Communications LLC,Active - Unleashed,24.1.1,2026-08-26,966.3
1050063,Leverage Information Systems,Active - Tigerpaw One,24.1.1,2026-08-25,535.5
1050315,Data Smart Computers Inc,Active - Unleashed,24.1.1,2026-08-26,1373.88
1050525,"Harris Technology Services, Inc",Active - Tigerpaw One,22.3.2,2026-08-21,804.54
1050668,Behnke Enterprise dba WeKnowBest,Active - Tigerpaw One,23.4.1,2026-08-25,474
1050958,ArtCom Communications,Active - Unleashed,24.1.1,2026-08-26,698.28
1051495,Maverick Networks,Active - Unleashed,24.1.1,2026-08-26,1191.58
1051859,Ustele Inc.,Active - Unleashed,24.1.1,2026-08-26,831.22
1051897,ECI-Empire Communications,Active - Tigerpaw One,23.4.1,2026-08-26,1354.5
1051970,Audio Video Design Inc.,Active - Tigerpaw One,23.4.1,2026-08-25,1332.25
1052149,"Comm-Tronics, Inc.",Active - Unleashed,24.1.1,2026-08-25,481.5
1052253,Atlantic Smart Technologies,Active - Tigerpaw One,23.4.1,2026-08-17,661.5
1052258,AVC Home Theaters,Active - Tigerpaw One,23.3.3,2026-08-26,790
1052397,Austin Security Ltd.,Active - Tigerpaw One,23.4.1,2026-08-26,861.66
1052530,"Eastern DataComm, LLC",Active - Unleashed,24.1.1,2026-08-26,444.6
1052546,Computerized Business Solutions Inc.,Active - Tigerpaw One,18.3.2,,200
1052605,Aldeberan,Active - Tigerpaw One,24.1.1,2026-08-26,2221.46
1052707,"Modelithics, Inc.",Active - Tigerpaw One,24.1.1,2026-08-25,474
1052729,Audio Electronics Inc.,Active - Tigerpaw One,23.4.1,2026-08-26,1185
1052754,RCH Communications LLC,Active - Unleashed,24.1.1,2026-08-26,1251.56
1052802,"High Tech Innovations, LLC",Active - Tigerpaw One,22.3.5,2026-08-26,1440
1052951,Peak Communication,Active - Unleashed,24.1.1,2026-08-25,450
1053081,Access 411,Active - Tigerpaw One,22.3.2,2026-08-26,2270.48
1053085,B & L Telephone,Active - Tigerpaw One,22.3.2,2026-08-26,782.66
1053116,Best Products Sales & Service,Active - Tigerpaw One,23.4.1,2026-03-16,813.89
1053833,"J & K Communications, Inc.",Active - Tigerpaw One,24.1.1,2026-08-26,3473
1053962,"Rave Systems, LLC dba Reference Audio Video & Security",Active - Unleashed,24.1.1,2026-08-26,1324.66
1053980,Sound & Vision Design Center,Active - Unleashed,23.3.1,2026-08-26,836.12
1053988,AV Innovations Inc.,Active - Unleashed,24.1.1,2026-08-26,629.7
1054252,"HyVee, Inc. dba  A+ Communications & Security",Active - Tigerpaw One,24.1.1,2026-08-26,6685
1054661,Radio Communications of Charleston,Active - Tigerpaw One,24.1.1,2026-08-26,648.9
1054747,"Advanced Communication Technologies, Inc.",Active - Unleashed,24.1.1,2026-08-26,809.41
1054899,Paulson's Audio & Video,Active - Tigerpaw One,24.1.1,2026-08-26,1659
1055042,MicroAge Prince George / DEFAU,Active - Tigerpaw One,23.4.1,2026-08-25,553
1055163,P.O.S. Technologies,Active - Tigerpaw One,23.4.1,2026-08-26,661.5
1055165,West Coast Cash Register Systems,Active - Unleashed,24.1.1,2026-08-26,720.3
1057681,"RJR Solutions, Inc.",Active - Tigerpaw One,22.3.2,2026-08-25,153.36
1059044,CCPlus,Active - Tigerpaw One,24.1.1,2026-08-26,1343
1068568,Starfish Computer Company,Active - Tigerpaw One,23.4.1,2026-08-25,2541.08
1069820,"P. J. Kortens and Company, Inc.",Active - Tigerpaw One,22.3.2,2026-08-26,802.5
1079363,Home Technology Experts,Active - Unleashed,24.1.1,2026-08-26,1435.94
1079536,Marchese Computer Products,Active - Tigerpaw One,23.4.1,2026-08-26,893.26
1079592,"SK Technology Group, Inc.",Active - Tigerpaw One,22.3.2,2026-08-25,409.5
1079609,Access Technologies,Active - Unleashed,24.1.1,2026-08-25,535
1080134,Universal Systems,Active - Unleashed,24.1.1,2026-08-26,1273.8
1080185,Phone & Data Works,Active - Tigerpaw One,24.1.1,2026-08-26,585.75
1080230,Intelligent Power Solutions,Active - Unleashed,24.1.1,2026-08-26,1209.5
1080587,ASAP Security Services,Active - Tigerpaw One,23.1.1,2026-08-26,2739.38
1080704,Phoenix Geothermal Services,Active - Unleashed,24.1.1,2026-08-26,801.43
1080743,"eDigitalDeals, Inc",Active - Tigerpaw One,24.1.1,2026-08-21,474
1080796,Executive Network Technologies Inc,Active - Unleashed,24.1.1,2026-08-26,1047.42
1081033,"Telco Data, LLC",Active - Unleashed,24.1.1,2026-08-26,1685.19
1081053,ICS Communications,Active - Unleashed,24.1.1,2026-08-26,343.37
1081095,Connecticut Communications,Active - Tigerpaw One,24.1.1,2026-08-26,2081.4
1081230,"Calibration, Validation & Research Inc.",Active - Tigerpaw One,23.4.1,2026-08-24,546.96
1081457,"Dominion Lock And Security, Inc.",Active - Unleashed,24.1.1,2025-01-31,1535.5
1081820,Seibold Security,Active - Tigerpaw One,23.4.1,2026-08-26,1817
1081974,"Bahamas Information Access Systems, Ltd.",Active - Tigerpaw One,24.1.1,2026-08-26,474
1082033,Peace of Mind Technologies (POM),Active - Unleashed,24.1.1,2026-08-26,898.8
1082308,SCS Knoxville,Active - Tigerpaw One,24.1.1,2026-08-25,603.52
1082369,Independent Telecommunications Corp,Active - Tigerpaw One,22.3.5,2026-08-26,875.16
1082377,Techmode,Active - Tigerpaw One,22.3.5,2026-08-26,1256.66
1082782,Green Electronics Solutions,Active - Unleashed,24.1.1,2026-08-26,1847.88
1083024,Sng Electrics P/l,Active - Tigerpaw One,24.1.1,2026-08-26,474
1083502,Motorola Solutions ,Active - Tigerpaw One,22.3.2,2026-08-26,
1083771,Communication Experts Group,Active - Tigerpaw One,22.3.5,2026-02-17,474
1085794,Total Comfort Weatherization,Active - Tigerpaw One,23.1.1,2026-08-26,553
1085824,LinkUs Corporation,Active - Tigerpaw One,23.4.1,2026-08-26,5922.82
1086034,"IP Communications, Inc.",Active - Unleashed,24.1.1,2026-08-26,694.62
1086237,"Secure Technologies, Inc",Active - Unleashed,22.1.3,2026-08-26,755.64
1086243,Empire Communication Systems Inc,Active - Tigerpaw One,23.1.1,2026-08-26,969.41
1086330,Imagine Solutions,Active - Unleashed,24.1.1,2026-08-25,500
1086348,"Moseley Electronics, LLC",Active - Tigerpaw One,24.1.1,2026-08-26,474
1086412,Datacom Solutions Ltd. ,Active - Unleashed,24.1.1,2026-08-26,686.94
1086991,The SMS Group,Active - Tigerpaw One,23.3.3,2026-08-26,474
1087026,Arcomm Communications,Active - Unleashed,24.1.1,2026-08-26,2058
1087666,RAM Technologies,Active - Unleashed,24.1.1,2026-08-26,674.94
1087819,"Werner National, LLC",Active - Tigerpaw One,24.1.1,2026-08-26,1704
1087843,Tri-State Security,Active - Tigerpaw One,24.1.1,2026-08-26,790
1087888,Managed Technology,Active - Tigerpaw One,24.1.1,2026-08-26,1343
1088000,Veterans Communication Services Inc,Active - Tigerpaw One,23.4.1,2026-08-20,600
1088247,Sunrise Solutions Inc,Active - Unleashed,24.1.1,2026-08-26,2038.85
1088293,Strobe Tech,Active - Unleashed,24.1.1,2026-08-26,915.92
1088330,Ragan Communications,Active - Tigerpaw One,23.4.1,2026-08-26,711
1088353,Turner Teleco - Alexandria,Active - Tigerpaw One,23.5.2,2024-12-12,195
1088403,TRC,Active - Tigerpaw One,23.4.1,2026-08-26,474
1088885,The Phone Experts - Communications Ltd.,Active - Unleashed,24.1.1,2026-08-26,1671.52
1088887,Custom Communications & Security Inc,Active - Tigerpaw One,23.3.3,2026-08-25,474
1088950,Hardwire Telecom Ltd.,Active - Tigerpaw One,24.1.1,2026-08-25,620.34
1089028,Surf Fire & Security Inc,Active - Tigerpaw One,23.4.1,2026-08-25,1030.81
1089030,Property Services Of Atlanta,Active - Tigerpaw One,23.3.3,2026-08-26,474
1089066,Intermax Networks,Active - Tigerpaw One,23.1.1,2025-09-16,583.92
1089830,Audio-Video Corporation,Active - Unleashed,23.1.1,2026-08-26,1522.78
1089847,Valhalla Corp ,Active - Tigerpaw One,23.5.2,2026-08-25,532.86
1089853,Homeland Technology Group,Active - Tigerpaw One,23.5.2,2026-08-26,2158.8
1090097,Langguth America Ltd.,Active - Tigerpaw One,22.3.2,2026-08-26,1881
1090098,KeyComm,Active - Unleashed,24.1.1,2026-08-26,826.68
1090152,Your Environment's Solution,Active - Tigerpaw One,23.5.2,2026-08-24,401.25
1090393,"Advanced Telephone & Data, Inc.",Active - Unleashed,24.1.1,2026-08-26,735
1090510,Nutec Electro-Tel,Active - Tigerpaw One,23.3.3,2026-08-26,2686
1090715,Introtel Communications Inc.,Active - Tigerpaw One,23.3.3,2026-08-26,1934.82
1090742,"Optel BCS, Inc",Active - Unleashed,24.1.1,2026-08-25,601.05
1091012,Master Technology Group,Active - Tigerpaw One,23.3.3,2026-01-27,492
1091079,Innovative Technologies,Active - Tigerpaw One,23.1.1,2026-08-26,553
1091161,"Circle Industries, Inc.",Active - Tigerpaw One,22.1.3,2026-08-26,1268.2
1091579,Motorola Solutions Inc - Lakeland,Active - Tigerpaw One,23.4.1,2026-08-25,3112.2
1091580,Motorola Solutions Inc - Sarasota,Active - Tigerpaw One,23.4.1,2026-08-26,3112.2
1091582,Motorola Solutions Inc - Ft. Myers,Active - Tigerpaw One,23.4.1,2026-08-21,3112.2
1091606,Motorola Solutions Inc - Plantation,Active - Tigerpaw One,23.4.1,2026-08-26,642.72
1091671,RSS (Restaurant Service Solutions),Active - Tigerpaw One,24.1.1,2026-08-26,3094.08
1091675,Adalex,Active - Unleashed,24.1.1,2026-08-26,562.45
1091913,DSR Inc.,Active - Tigerpaw One,23.4.1,2026-08-26,580.65
1091969,Network Answer Pty Ltd,Active - Tigerpaw One,24.1.1,2025-06-18,474
1092153,Interseckt Corporation,Active - Tigerpaw One,24.1.1,2026-08-26,553
1092329,Politon Inc,Active - Tigerpaw One,23.4.1,2026-08-26,474
1093577,Franklin Electric Co Inc,Active - Tigerpaw One,23.5.2,2026-08-26,975
1093841,Allison Royce & Associates,Active - Tigerpaw One,23.4.1,2026-08-19,474
1093879,Xclutel,Active - Tigerpaw One,24.1.1,2026-08-25,4436.44
1093891,ClearBearing,Active - Tigerpaw One,24.1.1,2026-08-25,1244.36
1093941,i-2-i Technologies,Active - Tigerpaw One,23.3.3,2026-08-23,474
1093952,Haivision MCS,Active - Tigerpaw One,22.1.3,2026-08-25,2209.72
1094249,CC-Teknologies Inc.,Active - Unleashed,23.5.2,2026-08-26,2540.77
1094267,Richards CCTV,Active - Tigerpaw One,23.4.1,2026-08-17,390
1094450,EagleCraft Boats Inc.,Active - Tigerpaw One,23.3.3,2026-08-26,474
1094621,Voxcom Solutions,Active - Tigerpaw One,23.4.1,2026-08-26,497.7
1094804,Mid-South Telecom,Active - Tigerpaw One,22.3.2,2026-08-24,474
1095187,Netagen Communication Technologies Inc.,Active - Tigerpaw One,24.1.1,2026-08-26,9067.25
1095220,Neuwave Systems Inc,Active - Tigerpaw One,24.1.1,2026-08-26,1613.7
1095306,Infrastructure Technology Solutions,Active - Tigerpaw One,23.5.2,2026-08-26,1501
1096195,Eastern Communications,Active - Tigerpaw One,22.3.5,2026-08-24,3941.3
1096543,Premier Communications,Active - Unleashed,23.5.2,2026-08-25,1053.48
1096748,Sam E Mitchell Jr. Associate Inc,Active - Unleashed,24.1.1,2026-08-25,673.2
1096758,MicroMed LLC,Active - Unleashed,24.1.1,2026-08-26,915.92
1096778,"David Carroll Associates, Inc.",Active - Tigerpaw One,23.5.2,2026-08-26,3724.86
1096799,Dish Network,Active - Unleashed,24.1.1,2026-08-26,945
1097324,"Eastern Fire & Safety, LLC",Active - Tigerpaw One,22.3.2,2026-08-26,1413.64
1097401,Fitzgerald Lighting,Active - Unleashed,24.1.1,2026-08-26,396.9
1097481,Chief DataCom,Active - Unleashed,24.1.1,2026-08-26,661.5
1097508,Grand Central Station Internet Services Inc,Active - Unleashed,24.1.1,2026-08-26,588.5
1097953,"Delaware Audio Visual Integration & Design, LLC",Active - Unleashed,24.1.1,2026-08-13,1011.15
1099117,IET Labs (2nd DB),Active - Tigerpaw One,24.1.1,2026-08-13,438.95
1099118,IET Labs (3rd DB),Active - Tigerpaw One,24.1.1,2026-08-26,165.9
1099123,Diversified Digital Group - Main,Active - Tigerpaw One,24.1.1,No reliable data ,738.84
1099125,The Phone Experts Communications Ltd. (2nd DB),Active - Unleashed,24.1.1,2026-08-26,1116.26
1099130,Smartcom Home Technologies,Active - Tigerpaw One,23.5.2,2026-08-26,845
1099199,R.E. Michel Company LLC - Main,Active - Tigerpaw One,23.4.1,2026-08-21,281.13
1099223,ISET,Active - Unleashed,24.1.1,2026-08-26,652.62
1099269,Northern Optotronics,Active - Tigerpaw One,23.3.3,2026-08-21,525
1099309,"Innovative Telephone & Data Solutions, LLC",Active - Unleashed,24.1.1,2026-08-26,1793.15
1100494,"Revvv, Inc.",Active - Unleashed,24.1.1,2026-08-18,723.54
1100506,C&W Technologies,Active - Tigerpaw One,23.5.2,2026-08-26,1203.84
1100652,"ProComm Voice & Data Solutions, Inc.",Active - Tigerpaw One,23.1.1,2026-08-25,430
1100756,Xpedient Communications Inc,Active - Tigerpaw One,23.4.1,2026-08-26,2049.11
1100780,Helios,Active - Unleashed,24.1.1,2026-08-25,666.36
1100844,Core3 Pty Ltd,Active - Tigerpaw One,23.1.1,2026-08-25,661.92
1100915,JES and Sons 2-Way,Active - Unleashed,24.1.1,2026-08-26,1872.96
1101391,Global Telecom Supply,Active - Unleashed,24.1.1,2026-08-26,1126.71
1101963,Access 2 Networks Toronto,Active - Tigerpaw One,24.1.1,2026-08-25,1336
1102061,Pavion Corp (fka Integrated Security & Communicati,Active - Tigerpaw One,23.4.1,2026-08-07,5338.79
1102105,AFEC Guardian Fire Protection,Active - Unleashed,24.1.1,2026-08-26,937.17
1102489,Bridge Communications,Active - Unleashed,24.1.1,2026-08-26,3427.24
1102942,Audio & Light,Active - Unleashed,24.1.1,2026-08-26,761.39
1104627,Technesis Greenwood,Active - Tigerpaw One,24.1.1,2026-08-26,474
1104662,J & M Systems LLC,Active - Tigerpaw One,23.4.1,2025-07-18,656.37
1104667,Alarm and Communication Technologies,Active - Tigerpaw One,22.3.2,2026-07-15,2072.1
1104709,Acada Communications,Active - Unleashed,24.1.1,2026-08-26,880
1104905,ClearPath Connections,Active - Unleashed,24.1.1,2026-08-26,2194.69
1105108,"Galaxy Integrated Technologies , Inc.",Active - Unleashed,24.1.1,2026-08-26,2792.7
1105258,Mammoth Fire Alarms Inc dba MFPS / a Division of Sciens Building Solutions,Active - Unleashed,24.1.1,2026-08-26,4312.1
1105391,Universal Security and Fire,Active - Tigerpaw One,23.4.1,2026-08-26,497.7
1105560,"Commercial Refrigeration Systems, Inc.",Active - Tigerpaw One,23.5.2,2026-08-26,699.72
1105754,Roger's Two Way Radio,Active - Tigerpaw One,24.1.1,2026-08-26,933.49
1105772,"Minuteman Security Technologies, Inc.",Active - Tigerpaw One,23.3.3,2025-03-11,474
1105813,"Hosted America, LLC",Active - Tigerpaw One,24.1.1,2026-08-26,1440
1106116,Cos Cob TV,Active - Tigerpaw One,23.3.3,2026-08-25,474
1106123,"IC2S, LLC ",Active - Tigerpaw One,23.3.3,2026-08-25,474
1106131,Fire Team Security,Active - Tigerpaw One,24.1.1,2026-08-26,1288
1106137,Mayatel Systems,Active - Unleashed,24.1.1,2026-08-25,729.36
1106140,Madrona Digital,Active - Tigerpaw One,24.1.1,2026-08-26,2522.85
1106204,Protector Security Systems Corporation,Active - Tigerpaw One,22.3.2,2026-08-26,955.32
1106237,Tri-Tec Communications Inc - 2nd DB,Active - Unleashed,24.1.1,2026-08-25,206.08
1106241,"Parallel Synergistic Consulting, Inc.",Active - Tigerpaw One,23.4.1,2026-08-26,429.96
1106280,TW Enterprises,Active - Tigerpaw One,23.5.2,2024-12-19,892.5
1106312,Herring Technology,Active - Unleashed,24.1.1,2026-08-26,3045.73
1107803,Shoreline Systems,Active - Tigerpaw One,22.3.5,2026-08-24,474
1107955,Wolf Technology Group,Active - Tigerpaw One,24.1.1,2026-08-26,437.58
1108008,Synergy,Active - Tigerpaw One,24.1.1,2026-08-26,4827.59
1108286,USA Security Inc.,Active - Tigerpaw One,24.1.1,2026-08-26,1905.75
1108367,Dakota Structured Cabling - DSC.,Active - Tigerpaw One,24.1.1,2026-08-26,580.65
1108390,NetX Inc,Active - Tigerpaw One,23.5.2,2026-08-26,2633.4
1108437,Richmond Security,Active - Tigerpaw One,24.1.1,2026-08-26,1690.6
1108490,Network Datacom Solutions,Active - Tigerpaw One,23.5.2,2026-08-26,1344.96
1108535,"CPI Technologies, LLC",Active - Tigerpaw One,22.3.5,2026-08-25,455
1108581,Advanced Integration Security (AIS),Active - Tigerpaw One,24.1.1,2026-08-26,1792.23
1108600,Dividia,Active - Tigerpaw One,24.1.1,2026-08-26,1257.88
1108627,Priority Communications,Active - Tigerpaw One,23.4.1,2026-08-21,437.58
1109193,MPS Works,Active - Tigerpaw One,23.4.1,2026-08-26,474
1109654,"Unified Communications Integrators, LLC",Active - Unleashed,24.1.1,2026-08-25,535
1109694,MicroAge Basics,Active - Tigerpaw One,24.1.1,2026-05-13,1098.48
1109835,Kozi Media Design,Active - Unleashed,22.3.2,2026-08-25,899.51
1109844,TDS-Phone,Active - Tigerpaw One,23.3.3,2026-08-26,1264
1110049,stLynx Technologies,Active - Tigerpaw One,22.3.2,2026-08-26,474
1110435,NCC Systems inc,Active - Tigerpaw One,23.4.1,2026-08-26,843.39
1110476,Agility Integration,Active - Tigerpaw One,23.4.1,2026-08-26,765.72
1110683,Bendix Imaging Inc,Active - Unleashed,24.1.1,2026-08-26,595.14
1111359,"VanRan Communicatios Services, Inc.",Active - Unleashed,24.1.1,2026-08-26,2253.3
1111517,Idea Networks Inc.,Active - Tigerpaw One,24.1.1,2026-08-26,823.9
1111550,PCS Technologies Inc,Active - Unleashed,24.1.1,2026-08-26,849
1111620,AVSi,Active - Tigerpaw One,24.1.1,2026-08-24,3128.19
1111715,Motorola Solutions - Asia,Active - Tigerpaw One,23.4.1,2026-08-20,937.1
1118364,Ameritel Voice and Data,Active - Unleashed,24.1.1,2026-08-26,824.32
1118436,Modern Office Systems,Active - Tigerpaw One,23.4.1,2026-08-24,350
1118526,FirstLink Communications,Active - Tigerpaw One,23.4.1,2026-08-19,474
1118575,Kerr Controls Inc.,Active - Unleashed,24.1.1,2026-08-26,500
1118694,Integrated Protection Services,Active - Unleashed,23.5.2,2026-08-07,1717.35
1118769,CC&M Inc.,Active - Tigerpaw One,24.1.1,2026-08-26,869
1119230,ERP Safety,Active - Tigerpaw One,23.4.1,2026-08-10,409.52
1119273,"Virtual Guard, Inc",Active - Unleashed,24.1.1,2026-08-26,1280
1119339,Fusion Security Inc. ,Active - Tigerpaw One,23.3.3,2026-08-26,2876.8
1119624,ECI Systems LLC,Active - Tigerpaw One,23.3.3,2026-05-11,562.26
1130276,"ETG Systems, Inc.",Active - Tigerpaw One,24.1.1,2026-08-26,1585.76
1130699,"Area Wide Communications, LLC",Active - Unleashed,24.1.1,2026-08-26,2296.85
1130955,Forth Foods,Active - Tigerpaw One,23.4.1,2026-08-25,1023.76
1131301,"Accurate Security Pros, Inc.",Active - Tigerpaw One,24.1.1,2026-08-26,1342.26
1131317,Atlantic STS,Active - Unleashed,24.1.1,2026-08-26,670
1131535,Heartland Steel Doors Ltd.,Active - Unleashed,23.4.1,2026-08-26,551.05
1131600,Motorola Solutions Inc. - Saint Petersburg,Active - Tigerpaw One,23.4.1,2026-08-26,3112
1131647,H & H Communications,Active - Unleashed,24.1.1,2026-08-26,850.86
1131760,Mac's Heating Ltd.,Active - Tigerpaw One,22.3.2,2026-08-26,1792.7
1131857,"Mathias Lock and Key, Inc.",Active - Unleashed,24.1.1,2026-08-26,4808.35
1131899,Huntleigh Technology Group,Active - Tigerpaw One,23.3.3,2026-04-21,409.52
1131991,Pro Video Security,Active - Tigerpaw One,23.5.2,2026-08-19,409.5
1132345,River Parish Security,Active - Unleashed,24.1.1,2026-08-14,629.7
1132366,American Security Devices,Active - Unleashed,24.1.1,2026-08-26,1030.42
1132426,"Paramount Security Partners, LLC",Active - Tigerpaw One,24.1.1,2026-08-26,982.08
1132450,Pace Security,Active - Tigerpaw One,23.4.1,2026-08-26,562.26
1132460,City of Baltimore Dept of Telecommunications,Active - Tigerpaw One,21.1.5,2026-08-26,1002.95
1132475,Dominion Design & Integration,Active - Tigerpaw One,23.4.1,2026-08-26,1009.24
1132487,"Doing Things Simply, Inc.",Active - Tigerpaw One,23.5.2,2026-08-26,2818.8
1132498,"DakMinn Technologies, LLC",Active - Tigerpaw One,24.1.1,2026-08-19,474
1132512,Overtime Accessories,Active - Tigerpaw One,23.4.1,2025-05-28,522.6
1132516,Cross Country Communications,Active - Unleashed,24.1.1,2026-08-26,926.16
1132565,Aspen Communications,Active - Unleashed,24.1.1,2026-08-26,513.6
1132632,4D IT,Active - Tigerpaw One,24.1.1,2026-08-20,740.19
1132651,Gemba Security,Active - Tigerpaw One,23.5.2,2026-08-20,200
1132654,DTEL Telecommunications 2nd DB,Active - Unleashed,24.1.1,2026-08-19,770.4
1132656,Commlink Communications,Active - Unleashed,24.1.1,2026-08-26,1100
1132662,Empire Communication- 2nd DB (BCC),Active - Tigerpaw One,24.1.1,2026-08-21,588
1132666,"FST Technologies, LLC",Active - Unleashed,24.1.1,2026-08-26,1041.93
1132725,Argo Medical,Active - Unleashed,24.1.1,2026-08-26,1070.86
1132760,Brown Security Solutions,Active - Unleashed,24.1.1,2026-08-26,5696.29
1133237,Sabre Integrated Security Systems LLC,Active - Unleashed,24.1.1,2025-09-23,620.6
1134385,All Secure Lock Service,Active - Unleashed,24.1.1,2026-08-25,1126.9
1134606,Fusion Digital,Active - Unleashed,24.1.1,2026-08-26,2356
1134659,B. Moyer Radio Communications LLC,Active - Unleashed,24.1.1,2026-08-26,1740
1134768,Docuquest,Active - Unleashed,24.1.1,2026-08-26,770.7
1134779,Lightning Technologies LLC,Active - Unleashed,24.1.1,2026-08-26,1644.83
1134783,Bartholomew Electric,Active - Unleashed,24.1.1,2026-08-26,832.85
1134839,Professional Security Innovations,Active - Unleashed,24.1.1,2026-08-26,1591.24
1134860,KGM Gaming,Active - Unleashed,24.1.1,2026-08-26,931.02
1134875,"Network Enhancement Systems, Inc",Active - Unleashed,24.1.1,2026-07-30,771.72
1134918,DFW Office Systems,Active - Unleashed,24.1.1,2026-08-24,882.06
1135013,TIPS Resources,Active - Unleashed,24.1.1,2026-08-25,824.34
1135025,"BFPE International, Inc.",Active - Unleashed,24.1.1,2024-10-03,572.45
1135035,ICS,Active - Unleashed,23.5.2,2024-03-12,343.47
1135047,Versanet Solutions,Active - Unleashed,24.1.1,2026-07-22,1070
1135050,Starlight Security,Active - Unleashed,24.1.1,2026-07-23,688
1135052,Advanced Security Technologies,Active - Unleashed,24.1.1,2026-08-26,1112.87
1135065,"Advanced Procomm, LLC",Active - Unleashed,24.1.1,2026-08-25,549.56
1135066,Davis Ulmer Fire Protection,Active - Unleashed,24.1.1,2026-08-19,824.34
1135072,"Ideal Tech Solutions, LLC",Active - Unleashed,24.1.1,2026-08-26,650.32
1135073,AJK Communications,Active - Unleashed,24.1.1,2026-08-20,762.52
1135077,Advanosys LLC,Active - Unleashed,24.1.1,2026-08-21,664.05
1135078,"Roadrunner Lock & Key , Inc.",Active - Unleashed,24.1.1,2026-08-26,1759.45
1135079,Plan B Technology Corp.,Active - Unleashed,24.1.1,2026-03-30,642
1135081,Generex Systems (Oceania) Pty Ltd,Active - Tigerpaw One,24.1.1,2026-08-26,321
1135084,"VITEC Solutions, LLC",Active - Unleashed,24.1.1,2026-08-26,607.76
1135089,Davis Ulmer Fire Protection (New Hampshire),Active - Unleashed,24.1.1,2026-04-01,513.6
1135103,"McElheney Security Solutions, Inc.",Active - Unleashed,24.1.1,2026-04-01,1348.2
1135106,"Low Voltage Integrators, Inc.",Active - Unleashed,24.1.1,2026-08-26,631.3
1135109,"Davis Ulmer Hawthorne, NY",Active - Unleashed,24.1.1,2026-08-21,385.2
1135115,Davis Ulmer Fire Protection - Freeland NJ,Active - Unleashed,24.1.1,2026-08-26,385.2
1135116,DeTel Communications Inc.,Active - Unleashed,24.1.1,2026-08-25,728
1135122,Life Safety Integrated Inc,Active - Unleashed,24.1.1,2025-07-10,909.5
1135125,Quick Copper Communications LLC,Active - Unleashed,24.1.1,2026-08-26,850
1135126,Wired Media Solutions - WMS INC,Active - Unleashed,24.1.1,2025-04-18,535
1135127,Jeffrey Forrester,Active - Unleashed,24.1.1,2025-07-16,535
1135130,HTI Systems (High Tech Innovations),Active - Unleashed,24.1.1,2026-08-26,577.8
1135131,EVOLUTION TECHNOLOGIES LLC (Evotech),Active - Unleashed,24.1.1,2026-08-26,636.65
1135137,Memory Lane Computer Electronics LTD,Active - Unleashed,24.1.1,2026-08-26,1476.6
1135142,"River City Systems, Inc.",Active - Unleashed,24.1.1,2025-09-12,577.8
1135143,Securco (2nd db),Active - Unleashed,24.1.1,2025-10-02,213.96
1135145,MDU Security Systems Inc,Active - Unleashed,24.1.1,2025-10-08,695.5
1135146,"HyVee, Inc",Active - Unleashed,24.1.1,2026-08-25,409.5
1135149,"Symbrant Technologies, LLC., an Eastern Datacomm Company",Active - Unleashed,24.1.1,2026-08-26,1840
